place,time_seconds
1,875.5
2,881.21
3,885.21
4,892
5,893.4
6,895.81
7,895.94
8,896.22
9,896.33
10,896.53
11,897.46
12,898
13,898.1
14,898.89
15,899.33
16,902
17,902.1
18,904.73
19,904.83
20,906.25
21,906.73
22,907
23,908.63
24,909
24,909
24,909
27,909.64
28,910
29,912
30,912.67
31,913.66
32,913.83
33,916
34,916.78
35,917.75
36,917.76
37,918
37,918
39,918.05
40,918.86
41,919.55
42,919.86
43,920.3
44,920.31
45,921.33
46,922
47,922.81
48,924.33
49,924.9
50,925.52
51,926
51,926
53,926.4
54,926.85
55,927
56,927.28
57,927.38
58,927.92
59,928.07
60,928.83
61,929
62,929.03
63,929.36
64,930
64,930
64,930
67,930.16
68,930.33
69,930.4
70,931
71,931.36
72,931.56
73,932
74,932.06
74,932.06
76,933
77,933.13
78,933.35
79,933.43
80,933.99
81,934
81,934
83,934.06
84,934.76
85,935
85,935
87,935.53
88,936
89,937
90,937.56
91,937.65
92,937.67
93,937.98
94,938
94,938
94,938
97,939
97,939
99,939.06
100,939.17
101,939.2
102,940
103,941
104,941.16
105,941.57
106,942
106,942
108,942.06
109,942.46
110,942.83
111,943
112,943.1
113,943.33
114,944.06
115,944.51
116,944.7
117,944.73
118,945
119,946
119,946
119,946
119,946
123,946.16
124,946.64
125,946.81
126,947
127,947.4
128,947.94
129,948
129,948
129,948
132,948.15
133,948.16
134,948.23
135,948.24
136,948.5
137,948.7
138,949
138,949
140,949.11
141,949.23
142,949.46
143,949.53
144,949.56
145,949.6
146,950
147,950.01
148,950.13
149,950.3
150,950.5
151,951
151,951
153,951.08
154,951.11
155,951.3
156,951.31
157,951.36
158,951.68
159,952
159,952
159,952
159,952
163,952.25
164,952.31
165,952.35
166,952.43
167,952.46
168,952.48
169,952.66
170,952.71
171,952.8
172,953
172,953
172,953
175,953.25
176,953.33
177,953.93
178,954
178,954
178,954
178,954
178,954
183,954.3
184,954.33
185,954.76
186,954.85
187,954.98
187,954.98
189,955
189,955
191,955.03
192,955.23
193,955.46
194,955.48
195,955.5
196,955.52
197,955.75
198,955.81
199,955.83
200,955.85
201,955.98
201,955.98
203,956
203,956
203,956
203,956
203,956
208,956.08
209,956.26
210,956.81
211,956.95
212,957
212,957
212,957
212,957
212,957
212,957
212,957
212,957
212,957
221,957.03
222,957.22
223,957.26
224,957.56
225,957.63
226,957.68
227,957.73
228,957.76
229,957.89
230,958
230,958
230,958
230,958
230,958
230,958
230,958
230,958
238,958.1
239,958.18
240,958.39
241,958.65
241,958.65
243,958.7
244,958.73
245,958.9
246,959
246,959
246,959
249,959.03
250,959.13
251,959.38
252,959.43
253,959.5
254,959.6
255,959.62
256,959.91
257,960
257,960
257,960
257,960
257,960
262,961
262,961
262,961
262,961
266,962
266,962
266,962
266,962
270,963
270,963
272,964
272,964
272,964
272,964
272,964
272,964
272,964
272,964
280,965
280,965
280,965
283,966
283,966
283,966
283,966
283,966
283,966
289,967
289,967
289,967
289,967
289,967
289,967
295,969
295,969
297,970
297,970
297,970
297,970
297,970
297,970
303,971
303,971
303,971
306,972
306,972
306,972
306,972
306,972
306,972
306,972
306,972
306,972
306,972
306,972
306,972
318,973
318,973
318,973
318,973
318,973
318,973
318,973
318,973
318,973
327,974
327,974
327,974
330,975
330,975
330,975
330,975
330,975
330,975
330,975
330,975
338,976
338,976
338,976
338,976
338,976
338,976
338,976
338,976
346,977
346,977
346,977
346,977
350,978
350,978
350,978
350,978
350,978
350,978
356,979
356,979
356,979
356,979
360,980
360,980
360,980
360,980
364,981
364,981
364,981
364,981
368,982
368,982
368,982
368,982
368,982
368,982
368,982
368,982
376,983
376,983
376,983
376,983
376,983
376,983
376,983
383,984
383,984
383,984
383,984
383,984
383,984
383,984
390,985
390,985
390,985
390,985
390,985
390,985
396,986
396,986
396,986
396,986
396,986
396,986
396,986
396,986
396,986
405,987
405,987
405,987
405,987
405,987
410,988
410,988
410,988
410,988
410,988
410,988
410,988
417,989
417,989
417,989
417,989
417,989
417,989
417,989
424,990
424,990
424,990
424,990
424,990
424,990
424,990
431,991
431,991
431,991
431,991
435,992
435,992
435,992
435,992
435,992
440,993
440,993
440,993
440,993
440,993
440,993
446,994
446,994
446,994
446,994
446,994
446,994
452,995
452,995
454,996
454,996
454,996
454,996
454,996
454,996
454,996
454,996
454,996
463,997
463,997
463,997
463,997
463,997
463,997
463,997
463,997
471,998
471,998
471,998
471,998
471,998
471,998
471,998
471,998
471,998
471,998
471,998
482,999
482,999
482,999
482,999
482,999
482,999
488,1000
488,1000
488,1000
488,1000
488,1000
488,1000
488,1000
488,1000
496,1001
496,1001
496,1001
496,1001
496,1001
496,1001
496,1001
496,1001
504,1002
504,1002
504,1002
504,1002
504,1002
504,1002
510,1003
510,1003
510,1003
510,1003
510,1003
510,1003
510,1003
517,1004
517,1004
517,1004
517,1004
517,1004
517,1004
523,1005
523,1005
523,1005
523,1005
523,1005
523,1005
523,1005
523,1005
523,1005
523,1005
523,1005
523,1005
523,1005
523,1005
523,1005
538,1006
538,1006
538,1006
538,1006
538,1006
538,1006
538,1006
538,1006
538,1006
538,1006
548,1007
548,1007
548,1007
548,1007
548,1007
548,1007
548,1007
548,1007
548,1007
548,1007
548,1007
548,1007
548,1007
548,1007
548,1007
563,1008
563,1008
563,1008
563,1008
563,1008
563,1008
563,1008
563,1008
563,1008
563,1008
563,1008
574,1009
574,1009
574,1009
574,1009
574,1009
574,1009
580,1010
580,1010
580,1010
580,1010
580,1010
580,1010
580,1010
580,1010
580,1010
589,1011
589,1011
589,1011
589,1011
589,1011
589,1011
589,1011
589,1011
589,1011
589,1011
589,1011
589,1011
589,1011
589,1011
603,1012
603,1012
603,1012
603,1012
603,1012
603,1012
603,1012
603,1012
603,1012
603,1012
603,1012
603,1012
603,1012
603,1012
603,1012
618,1013
618,1013
618,1013
618,1013
618,1013
618,1013
618,1013
618,1013
618,1013
618,1013
618,1013
618,1013
618,1013
618,1013
618,1013
618,1013
618,1013
618,1013
618,1013
618,1013
618,1013
639,1014
639,1014
639,1014
639,1014
639,1014
639,1014
639,1014
639,1014
639,1014
639,1014
639,1014
639,1014
639,1014
639,1014
653,1015
653,1015
653,1015
653,1015
653,1015
653,1015
653,1015
653,1015
653,1015
653,1015
653,1015
664,1016
664,1016
664,1016
664,1016
664,1016
664,1016
664,1016
664,1016
664,1016
664,1016
674,1017
674,1017
674,1017
674,1017
674,1017
674,1017
674,1017
674,1017
674,1017
674,1017
674,1017
674,1017
674,1017
687,1018
687,1018
687,1018
687,1018
687,1018
687,1018
687,1018
687,1018
687,1018
687,1018
687,1018
687,1018
687,1018
700,1019
700,1019
700,1019
700,1019
700,1019
700,1019
700,1019
700,1019
700,1019
700,1019
700,1019
700,1019
700,1019
700,1019
700,1019
700,1019
700,1019
700,1019
700,1019
719,1020
719,1020
719,1020
719,1020
719,1020
724,1021
724,1021
724,1021
724,1021
724,1021
724,1021
724,1021
731,1022
731,1022
731,1022
731,1022
731,1022
736,1023
736,1023
736,1023
736,1023
736,1023
736,1023
736,1023
736,1023
744,1024
744,1024
744,1024
744,1024
744,1024
749,1025
749,1025
749,1025
749,1025
749,1025
749,1025
755,1026
755,1026
755,1026
755,1026
755,1026
755,1026
755,1026
762,1027
762,1027
762,1027
762,1027
762,1027
767,1028
767,1028
767,1028
767,1028
767,1028
767,1028
767,1028
767,1028
767,1028
767,1028
777,1029
777,1029
777,1029
777,1029
777,1029
777,1029
777,1029
784,1030
784,1030
784,1030
784,1030
784,1030
784,1030
784,1030
784,1030
792,1031
792,1031
792,1031
792,1031
796,1032
796,1032
796,1032
796,1032
800,1033
800,1033
800,1033
800,1033
804,1034
804,1034
804,1034
804,1034
804,1034
804,1034
804,1034
804,1034
804,1034
804,1034
814,1035
814,1035
814,1035
814,1035
814,1035
814,1035
814,1035
814,1035
814,1035
814,1035
814,1035
825,1036
825,1036
825,1036
825,1036
825,1036
830,1037
830,1037
830,1037
830,1037
830,1037
830,1037
830,1037
837,1038
837,1038
837,1038
837,1038
837,1038
837,1038
837,1038
837,1038
837,1038
837,1038
837,1038
848,1039
848,1039
848,1039
848,1039
848,1039
848,1039
848,1039
848,1039
848,1039
857,1040
857,1040
857,1040
857,1040
857,1040
857,1040
857,1040
857,1040
857,1040
857,1040
857,1040
857,1040
857,1040
870,1041
870,1041
870,1041
873,1042
873,1042
873,1042
873,1042
873,1042
873,1042
873,1042
873,1042
873,1042
873,1042
873,1042
884,1043
884,1043
884,1043
884,1043
884,1043
884,1043
884,1043
884,1043
884,1043
884,1043
894,1044
894,1044
894,1044
894,1044
894,1044
894,1044
894,1044
894,1044
902,1045
902,1045
902,1045
902,1045
902,1045
902,1045
902,1045
902,1045
902,1045
902,1045
912,1046
912,1046
912,1046
912,1046
912,1046
912,1046
912,1046
912,1046
912,1046
912,1046
912,1046
912,1046
912,1046
912,1046
912,1046
927,1047
927,1047
927,1047
927,1047
927,1047
927,1047
927,1047
927,1047
927,1047
927,1047
937,1048
937,1048
937,1048
937,1048
937,1048
937,1048
937,1048
937,1048
937,1048
937,1048
947,1049
947,1049
947,1049
947,1049
947,1049
947,1049
947,1049
947,1049
947,1049
947,1049
947,1049
947,1049
947,1049
947,1049
947,1049
947,1049
947,1049
964,1050
964,1050
964,1050
964,1050
964,1050
964,1050
964,1050
964,1050
964,1050
964,1050
974,1051
974,1051
974,1051
974,1051
974,1051
974,1051
974,1051
981,1052
981,1052
981,1052
984,1053
984,1053
984,1053
984,1053
988,1054
988,1054
988,1054
988,1054
988,1054
988,1054
988,1054
988,1054
988,1054
988,1054
988,1054
988,1054
988,1054
988,1054
1002,1055
1002,1055
1002,1055
1002,1055
1002,1055
1002,1055
1002,1055
1002,1055
1002,1055
1002,1055
1002,1055
1002,1055
1002,1055
1015,1056
1015,1056
1015,1056
1015,1056
1015,1056
1015,1056
1015,1056
1015,1056
1015,1056
1015,1056
1015,1056
1015,1056
1015,1056
1028,1057
1028,1057
1028,1057
1028,1057
1028,1057
1028,1057
1028,1057
1028,1057
1028,1057
1028,1057
1028,1057
1028,1057
1028,1057
1028,1057
1028,1057
1028,1057
1028,1057
1028,1057
1028,1057
1028,1057
1028,1057
1049,1058
1049,1058
1049,1058
1049,1058
1049,1058
1049,1058
1049,1058
1049,1058
1049,1058
1049,1058
1049,1058
1049,1058
1049,1058
1049,1058
1049,1058
1049,1058
1065,1059
1065,1059
1065,1059
1065,1059
1065,1059
1065,1059
1065,1059
1065,1059
1065,1059
1065,1059
1065,1059
1065,1059
1065,1059
1065,1059
1065,1059
1065,1059
1081,1060
1081,1060
1081,1060
1081,1060
1081,1060
1081,1060
1081,1060
1081,1060
1081,1060
1081,1060
1081,1060
1081,1060
1081,1060
1081,1060
1081,1060
1081,1060
1081,1060
1081,1060
1099,1061
1099,1061
1099,1061
1099,1061
1099,1061
1099,1061
1099,1061
1099,1061
1099,1061
1099,1061
1099,1061
1110,1062
1110,1062
1110,1062
1110,1062
1110,1062
1110,1062
1110,1062
1110,1062
1110,1062
1119,1063
1119,1063
1119,1063
1119,1063
1119,1063
1119,1063
1119,1063
1119,1063
1119,1063
1119,1063
1119,1063
1119,1063
1119,1063
1119,1063
1133,1064
1133,1064
1133,1064
1133,1064
1133,1064
1133,1064
1133,1064
1133,1064
1133,1064
1133,1064
1133,1064
1144,1065
1144,1065
1144,1065
1144,1065
1144,1065
1144,1065
1144,1065
1144,1065
1144,1065
1144,1065
1144,1065
1144,1065
1144,1065
1144,1065
1158,1066
1158,1066
1158,1066
1158,1066
1158,1066
1158,1066
1158,1066
1158,1066
1158,1066
1158,1066
1168,1067
1168,1067
1168,1067
1168,1067
1168,1067
1168,1067
1168,1067
1168,1067
1168,1067
1168,1067
1178,1068
1178,1068
1178,1068
1178,1068
1178,1068
1178,1068
1178,1068
1178,1068
1178,1068
1178,1068
1178,1068
1178,1068
1178,1068
1178,1068
1178,1068
1193,1069
1193,1069
1193,1069
1193,1069
1193,1069
1193,1069
1193,1069
1193,1069
1193,1069
1193,1069
1193,1069
1193,1069
1193,1069
1193,1069
1193,1069
1193,1069
1193,1069
1193,1069
1211,1070
1211,1070
1211,1070
1211,1070
1211,1070
1211,1070
1211,1070
1211,1070
1211,1070
1211,1070
1211,1070
1211,1070
1211,1070
1211,1070
1211,1070
1226,1071
1226,1071
1226,1071
1226,1071
1226,1071
1226,1071
1226,1071
1226,1071
1226,1071
1226,1071
1226,1071
1226,1071
1226,1071
1226,1071
1226,1071
1226,1071
1226,1071
1226,1071
1226,1071
1226,1071
1246,1072
1246,1072
1246,1072
1246,1072
1246,1072
1246,1072
1246,1072
1246,1072
1246,1072
1246,1072
1246,1072
1246,1072
1246,1072
1246,1072
1246,1072
1246,1072
1246,1072
1246,1072
1246,1072
1246,1072
1246,1072
1246,1072
1246,1072
1269,1073
1269,1073
1269,1073
1269,1073
1269,1073
1269,1073
1269,1073
1269,1073
1269,1073
1269,1073
1269,1073
1280,1074
1280,1074
1280,1074
1280,1074
1280,1074
1280,1074
1280,1074
1280,1074
1280,1074
1280,1074
1280,1074
1280,1074
1280,1074
1280,1074
1280,1074
1280,1074
1296,1075
1296,1075
1296,1075
1296,1075
1296,1075
1296,1075
1296,1075
1296,1075
1296,1075
1296,1075
1296,1075
1296,1075
1296,1075
1309,1076
1309,1076
1309,1076
1309,1076
1309,1076
1309,1076
1309,1076
1309,1076
1309,1076
1309,1076
1309,1076
1309,1076
1309,1076
1309,1076
1309,1076
1309,1076
1309,1076
1309,1076
1327,1077
1327,1077
1327,1077
1327,1077
1327,1077
1327,1077
1327,1077
1327,1077
1327,1077
1327,1077
1327,1077
1327,1077
1327,1077
1327,1077
1327,1077
1327,1077
1327,1077
1344,1078
1344,1078
1344,1078
1344,1078
1344,1078
1344,1078
1344,1078
1344,1078
1344,1078
1344,1078
1344,1078
1344,1078
1344,1078
1344,1078
1344,1078
1344,1078
1344,1078
1344,1078
1344,1078
1344,1078
1344,1078
1365,1079
1365,1079
1365,1079
1365,1079
1365,1079
1365,1079
1365,1079
1365,1079
1365,1079
1365,1079
1365,1079
1365,1079
1365,1079
1365,1079
1365,1079
1365,1079
1365,1079
1365,1079
1365,1079
1365,1079
1365,1079
1365,1079
1365,1079
1365,1079
1389,1080
1389,1080
1389,1080
1389,1080
1389,1080
1389,1080
1389,1080
1389,1080
1397,1081
1397,1081
1397,1081
1397,1081
1397,1081
1397,1081
1397,1081
1397,1081
1397,1081
1397,1081
1397,1081
1397,1081
1397,1081
1397,1081
1411,1082
1411,1082
1411,1082
1411,1082
1411,1082
1411,1082
1411,1082
1411,1082
1411,1082
1411,1082
1421,1083
1421,1083
1421,1083
1421,1083
1421,1083
1421,1083
1421,1083
1421,1083
1421,1083
1430,1084
1430,1084
1430,1084
1430,1084
1430,1084
1430,1084
1436,1085
1436,1085
1436,1085
1436,1085
1436,1085
1436,1085
1436,1085
1436,1085
1436,1085
1436,1085
1436,1085
1436,1085
1448,1086
1448,1086
1448,1086
1448,1086
1448,1086
1448,1086
1448,1086
1455,1087
1455,1087
1455,1087
1455,1087
1455,1087
1455,1087
1455,1087
1462,1088
1462,1088
1462,1088
1462,1088
1462,1088
1462,1088
1462,1088
1462,1088
1470,1089
1470,1089
1470,1089
1470,1089
1470,1089
1470,1089
1470,1089
1470,1089
1470,1089
1479,1090
1479,1090
1479,1090
1479,1090
1479,1090
1479,1090
1479,1090
1479,1090
1479,1090
1488,1091
1488,1091
1488,1091
1488,1091
1488,1091
1488,1091
1488,1091
1488,1091
1488,1091
1497,1092
1497,1092
1497,1092
1497,1092
1497,1092
1497,1092
1497,1092
1497,1092
1497,1092
1497,1092
1497,1092
1497,1092
1509,1093
1509,1093
1509,1093
1509,1093
1509,1093
1509,1093
1509,1093
1509,1093
1509,1093
1509,1093
1509,1093
1509,1093
1509,1093
1509,1093
1509,1093
1524,1094
1524,1094
1524,1094
1524,1094
1524,1094
1524,1094
1524,1094
1531,1095
1531,1095
1531,1095
1531,1095
1531,1095
1531,1095
1531,1095
1531,1095
1531,1095
1531,1095
1531,1095
1531,1095
1531,1095
1531,1095
1531,1095
1546,1096
1546,1096
1546,1096
1546,1096
1546,1096
1546,1096
1546,1096
1546,1096
1546,1096
1546,1096
1546,1096
1557,1097
1557,1097
1557,1097
1557,1097
1557,1097
1557,1097
1557,1097
1557,1097
1557,1097
1566,1098
1566,1098
1566,1098
1566,1098
1566,1098
1566,1098
1566,1098
1566,1098
1574,1099
1574,1099
1574,1099
1574,1099
1574,1099
1574,1099
1574,1099
1574,1099
1574,1099
1574,1099
1574,1099
1574,1099
1586,1100
1586,1100
1586,1100
1586,1100
1586,1100
1586,1100
1586,1100
1586,1100
1586,1100
1586,1100
1596,1101
1596,1101
1596,1101
1596,1101
1596,1101
1596,1101
1596,1101
1596,1101
1604,1102
1604,1102
1604,1102
1604,1102
1604,1102
1604,1102
1604,1102
1604,1102
1604,1102
1604,1102
1604,1102
1604,1102
1604,1102
1604,1102
1604,1102
1604,1102
1620,1103
1620,1103
1620,1103
1620,1103
1620,1103
1620,1103
1620,1103
1620,1103
1620,1103
1620,1103
1620,1103
1620,1103
1620,1103
1620,1103
1620,1103
1620,1103
1620,1103
1620,1103
1620,1103
1639,1104
1639,1104
1639,1104
1639,1104
1639,1104
1639,1104
1639,1104
1639,1104
1639,1104
1648,1105
1648,1105
1648,1105
1648,1105
1648,1105
1648,1105
1648,1105
1648,1105
1648,1105
1648,1105
1648,1105
1648,1105
1660,1106
1660,1106
1660,1106
1660,1106
1660,1106
1660,1106
1660,1106
1660,1106
1660,1106
1660,1106
1660,1106
1660,1106
1660,1106
1660,1106
1660,1106
1660,1106
1660,1106
1677,1107
1677,1107
1677,1107
1677,1107
1677,1107
1677,1107
1677,1107
1677,1107
1677,1107
1677,1107
1677,1107
1677,1107
1677,1107
1677,1107
1677,1107
1677,1107
1693,1108
1693,1108
1693,1108
1693,1108
1693,1108
1693,1108
1693,1108
1693,1108
1693,1108
1693,1108
1693,1108
1693,1108
1693,1108
1693,1108
1707,1109
1707,1109
1707,1109
1707,1109
1707,1109
1707,1109
1707,1109
1707,1109
1707,1109
1707,1109
1707,1109
1707,1109
1707,1109
1707,1109
1707,1109
1722,1110
1722,1110
1722,1110
1722,1110
1722,1110
1722,1110
1722,1110
1722,1110
1722,1110
1722,1110
1722,1110
1722,1110
1734,1111
1734,1111
1734,1111
1734,1111
1734,1111
1734,1111
1734,1111
1734,1111
1734,1111
1734,1111
1734,1111
1734,1111
1734,1111
1747,1112
1747,1112
1747,1112
1747,1112
1747,1112
1747,1112
1747,1112
1747,1112
1747,1112
1747,1112
1747,1112
1747,1112
1747,1112
1747,1112
1747,1112
1747,1112
1747,1112
1764,1113
1764,1113
1764,1113
1764,1113
1764,1113
1764,1113
1764,1113
1764,1113
1764,1113
1764,1113
1764,1113
1764,1113
1764,1113
1764,1113
1764,1113
1764,1113
1764,1113
1781,1114
1781,1114
1781,1114
1781,1114
1781,1114
1781,1114
1781,1114
1781,1114
1781,1114
1781,1114
1781,1114
1781,1114
1781,1114
1794,1115
1794,1115
1794,1115
1794,1115
1794,1115
1794,1115
1794,1115
1801,1116
1801,1116
1801,1116
1801,1116
1801,1116
1801,1116
1801,1116
1801,1116
1801,1116
1801,1116
1801,1116
1801,1116
1801,1116
1801,1116
1815,1117
1815,1117
1815,1117
1815,1117
1815,1117
1815,1117
1815,1117
1815,1117
1815,1117
1815,1117
1815,1117
1826,1118
1826,1118
1826,1118
1826,1118
1826,1118
1826,1118
1826,1118
1826,1118
1826,1118
1826,1118
1826,1118
1826,1118
1826,1118
1826,1118
1840,1119
1840,1119
1840,1119
1840,1119
1840,1119
1840,1119
1840,1119
1840,1119
1840,1119
1840,1119
1840,1119
1840,1119
1840,1119
1840,1119
1840,1119
1855,1120
1855,1120
1855,1120
1855,1120
1855,1120
1855,1120
1855,1120
1855,1120
1855,1120
1855,1120
1855,1120
1855,1120
1855,1120
1855,1120
1855,1120
1855,1120
1855,1120
1855,1120
1855,1120
1855,1120
1875,1121
1875,1121
1875,1121
1875,1121
1875,1121
1875,1121
1875,1121
1875,1121
1875,1121
1875,1121
1875,1121
1875,1121
1875,1121
1875,1121
1875,1121
1875,1121
1875,1121
1892,1122
1892,1122
1892,1122
1892,1122
1892,1122
1892,1122
1892,1122
1892,1122
1892,1122
1892,1122
1892,1122
1892,1122
1892,1122
1892,1122
1892,1122
1907,1123
1907,1123
1907,1123
1907,1123
1907,1123
1907,1123
1907,1123
1907,1123
1907,1123
1907,1123
1907,1123
1907,1123
1907,1123
1907,1123
1907,1123
1907,1123
1907,1123
1907,1123
1925,1124
1925,1124
1925,1124
1925,1124
1925,1124
1925,1124
1925,1124
1925,1124
1925,1124
1925,1124
1925,1124
1925,1124
1925,1124
1925,1124
1939,1125
1939,1125
1939,1125
1939,1125
1939,1125
1939,1125
1939,1125
1939,1125
1939,1125
1939,1125
1939,1125
1939,1125
1939,1125
1939,1125
1939,1125
1939,1125
1939,1125
1939,1125
1957,1126
1957,1126
1957,1126
1957,1126
1957,1126
1957,1126
1957,1126
1957,1126
1957,1126
1957,1126
1957,1126
1957,1126
1957,1126
1957,1126
1957,1126
1957,1126
1957,1126
1974,1127
1974,1127
1974,1127
1974,1127
1974,1127
1974,1127
1974,1127
1974,1127
1974,1127
1974,1127
1974,1127
1974,1127
1974,1127
1974,1127
1974,1127
1974,1127
1974,1127
1974,1127
1974,1127
1974,1127
1994,1128
1994,1128
1994,1128
1994,1128
1994,1128
1994,1128
1994,1128
1994,1128
1994,1128
1994,1128
1994,1128
1994,1128
1994,1128
2007,1129
2007,1129
2007,1129
2007,1129
2007,1129
2007,1129
2007,1129
2007,1129
2007,1129
2007,1129
2007,1129
2007,1129
2007,1129
2007,1129
2007,1129
2022,1130
2022,1130
2022,1130
2022,1130
2022,1130
2022,1130
2022,1130
2022,1130
2022,1130
2022,1130
2022,1130
2022,1130
2022,1130
2022,1130
2022,1130
2037,1131
2037,1131
2037,1131
2037,1131
2037,1131
2037,1131
2037,1131
2037,1131
2037,1131
2037,1131
2037,1131
2037,1131
2037,1131
2037,1131
2037,1131
2037,1131
2037,1131
2037,1131
2055,1132
2055,1132
2055,1132
2055,1132
2055,1132
2055,1132
2055,1132
2055,1132
2055,1132
2055,1132
2055,1132
2055,1132
2067,1133
2067,1133
2067,1133
2067,1133
2067,1133
2067,1133
2067,1133
2067,1133
2067,1133
2067,1133
2067,1133
2067,1133
2067,1133
2067,1133
2067,1133
2067,1133
2067,1133
2067,1133
2067,1133
2067,1133
2087,1134
2087,1134
2087,1134
2087,1134
2087,1134
2087,1134
2087,1134
2087,1134
2087,1134
2087,1134
2087,1134
2087,1134
2087,1134
2087,1134
2087,1134
2087,1134
2087,1134
2087,1134
2087,1134
2087,1134
2087,1134
2087,1134
2087,1134
2087,1134
2111,1135
2111,1135
2111,1135
2111,1135
2111,1135
2111,1135
2111,1135
2111,1135
2111,1135
2111,1135
2111,1135
2111,1135
2111,1135
2111,1135
2111,1135
2111,1135
2111,1135
2111,1135
2111,1135
2111,1135
2111,1135
2111,1135
2111,1135
2134,1136
2134,1136
2134,1136
2134,1136
2134,1136
2134,1136
2134,1136
2134,1136
2134,1136
2134,1136
2134,1136
2134,1136
2134,1136
2134,1136
2148,1137
2148,1137
2148,1137
2148,1137
2148,1137
2148,1137
2148,1137
2148,1137
2148,1137
2148,1137
2148,1137
2148,1137
2148,1137
2161,1138
2161,1138
2161,1138
2161,1138
2161,1138
2161,1138
2161,1138
2161,1138
2161,1138
2161,1138
2161,1138
2161,1138
2161,1138
2161,1138
2161,1138
2161,1138
2161,1138
2161,1138
2179,1139
2179,1139
2179,1139
2179,1139
2179,1139
2179,1139
2179,1139
2179,1139
2179,1139
2179,1139
2179,1139
2179,1139
2179,1139
2179,1139
2179,1139
2179,1139
2195,1140
2195,1140
2195,1140
2195,1140
2195,1140
2195,1140
2195,1140
2195,1140
2195,1140
2195,1140
2205,1141
2205,1141
2205,1141
2205,1141
2205,1141
2205,1141
2205,1141
2205,1141
2205,1141
2205,1141
2205,1141
2205,1141
2205,1141
2205,1141
2219,1142
2219,1142
2219,1142
2219,1142
2219,1142
2219,1142
2219,1142
2219,1142
2219,1142
2219,1142
2229,1143
2229,1143
2229,1143
2229,1143
2229,1143
2234,1144
2234,1144
2234,1144
2234,1144
2234,1144
2234,1144
2234,1144
2234,1144
2234,1144
2234,1144
2234,1144
2234,1144
2234,1144
2247,1145
2247,1145
2247,1145
2247,1145
2247,1145
2247,1145
2253,1146
2253,1146
2253,1146
2253,1146
2253,1146
2253,1146
2253,1146
2253,1146
2261,1147
2261,1147
2261,1147
2261,1147
2261,1147
2261,1147
2261,1147
2261,1147
2261,1147
2261,1147
2261,1147
2261,1147
2261,1147
2261,1147
2261,1147
2261,1147
2261,1147
2261,1147
2279,1148
2279,1148
2279,1148
2279,1148
2283,1149
2283,1149
2283,1149
2283,1149
2283,1149
2283,1149
2283,1149
2283,1149
2283,1149
2283,1149
2283,1149
2283,1149
2283,1149
2296,1150
2296,1150
2296,1150
2296,1150
2296,1150
2296,1150
2296,1150
2296,1150
2296,1150
2296,1150
2296,1150
2296,1150
2296,1150
2296,1150
2296,1150
2311,1151
2311,1151
2311,1151
2311,1151
2311,1151
2311,1151
2311,1151
2311,1151
2311,1151
2311,1151
2321,1152
2321,1152
2321,1152
2321,1152
2321,1152
2321,1152
2321,1152
2321,1152
2321,1152
2321,1152
2321,1152
2321,1152
2333,1153
2333,1153
2333,1153
2333,1153
2333,1153
2333,1153
2333,1153
2333,1153
2333,1153
2333,1153
2333,1153
2333,1153
2333,1153
2333,1153
2333,1153
2333,1153
2333,1153
2333,1153
2333,1153
2352,1154
2352,1154
2352,1154
2352,1154
2352,1154
2352,1154
2352,1154
2352,1154
2352,1154
2352,1154
2362,1155
2362,1155
2362,1155
2362,1155
2362,1155
2362,1155
2362,1155
2369,1156
2369,1156
2369,1156
2369,1156
2369,1156
2369,1156
2369,1156
2369,1156
2377,1157
2377,1157
2377,1157
2377,1157
2377,1157
2377,1157
2377,1157
2377,1157
2377,1157
2377,1157
2377,1157
2377,1157
2377,1157
2390,1158
2390,1158
2390,1158
2390,1158
2390,1158
2390,1158
2390,1158
2390,1158
2390,1158
2390,1158
2390,1158
2390,1158
2390,1158
2390,1158
2390,1158
2390,1158
2390,1158
2407,1159
2407,1159
2407,1159
2407,1159
2407,1159
2407,1159
2407,1159
2407,1159
2407,1159
2407,1159
2407,1159
2418,1160
2418,1160
2418,1160
2418,1160
2418,1160
2418,1160
2418,1160
2418,1160
2418,1160
2418,1160
2418,1160
2418,1160
2418,1160
2418,1160
2432,1161
2432,1161
2432,1161
2432,1161
2432,1161
2432,1161
2432,1161
2432,1161
2432,1161
2432,1161
2442,1162
2442,1162
2442,1162
2442,1162
2442,1162
2442,1162
2442,1162
2442,1162
2442,1162
2442,1162
2442,1162
2453,1163
2453,1163
2453,1163
2453,1163
2453,1163
2453,1163
2453,1163
2453,1163
2461,1164
2461,1164
2461,1164
2461,1164
2461,1164
2461,1164
2461,1164
2461,1164
2461,1164
2461,1164
2461,1164
2461,1164
2461,1164
2461,1164
2461,1164
2476,1165
2476,1165
2476,1165
2476,1165
2476,1165
2476,1165
2476,1165
2476,1165
2476,1165
2476,1165
2476,1165
2476,1165
2476,1165
2476,1165
2476,1165
2476,1165
2476,1165
2476,1165
2494,1166
2494,1166
2494,1166
2494,1166
2494,1166
2494,1166
2494,1166
2494,1166
2494,1166
2494,1166
2494,1166
2494,1166
2494,1166
2494,1166
2508,1167
2508,1167
2508,1167
2508,1167
2508,1167
2508,1167
2508,1167
2508,1167
2508,1167
2508,1167
2508,1167
2508,1167
2508,1167
2508,1167
2522,1168
2522,1168
2522,1168
2522,1168
2522,1168
2522,1168
2522,1168
2522,1168
2522,1168
2522,1168
2522,1168
2522,1168
2522,1168
2522,1168
2522,1168
2522,1168
2522,1168
2522,1168
2540,1169
2540,1169
2540,1169
2540,1169
2540,1169
2540,1169
2540,1169
2540,1169
2540,1169
2540,1169
2540,1169
2540,1169
2540,1169
2540,1169
2540,1169
2540,1169
2540,1169
2540,1169
2540,1169
2540,1169
2540,1169
2540,1169
2562,1170
2562,1170
2562,1170
2562,1170
2562,1170
2562,1170
2562,1170
2562,1170
2562,1170
2562,1170
2562,1170
2562,1170
2562,1170
2562,1170
2562,1170
2577,1171
2577,1171
2577,1171
2577,1171
2577,1171
2577,1171
2577,1171
2577,1171
2577,1171
2577,1171
2577,1171
2577,1171
2577,1171
2577,1171
2577,1171
2577,1171
2577,1171
2577,1171
2577,1171
2596,1172
2596,1172
2596,1172
2596,1172
2596,1172
2596,1172
2596,1172
2596,1172
2596,1172
2596,1172
2596,1172
2596,1172
2596,1172
2596,1172
2596,1172
2596,1172
2596,1172
2596,1172
2614,1173
2614,1173
2614,1173
2614,1173
2614,1173
2614,1173
2614,1173
2614,1173
2614,1173
2614,1173
2614,1173
2614,1173
2614,1173
2614,1173
2614,1173
2614,1173
2630,1174
2630,1174
2630,1174
2630,1174
2630,1174
2630,1174
2630,1174
2630,1174
2630,1174
2630,1174
2630,1174
2630,1174
2630,1174
2630,1174
2644,1175
2644,1175
2644,1175
2644,1175
2644,1175
2644,1175
2644,1175
2644,1175
2644,1175
2644,1175
2644,1175
2644,1175
2644,1175
2644,1175
2644,1175
2644,1175
2644,1175
2644,1175
2644,1175
2644,1175
2664,1176
2664,1176
2664,1176
2664,1176
2664,1176
2664,1176
2664,1176
2664,1176
2664,1176
2664,1176
2664,1176
2664,1176
2664,1176
2664,1176
2664,1176
2664,1176
2680,1177
2680,1177
2680,1177
2680,1177
2680,1177
2680,1177
2680,1177
2680,1177
2680,1177
2680,1177
2680,1177
2680,1177
2680,1177
2680,1177
2680,1177
2680,1177
2680,1177
2680,1177
2680,1177
2680,1177
2680,1177
2680,1177
2702,1178
2702,1178
2702,1178
2702,1178
2702,1178
2702,1178
2702,1178
2702,1178
2702,1178
2702,1178
2702,1178
2702,1178
2714,1179
2714,1179
2714,1179
2714,1179
2714,1179
2714,1179
2714,1179
2714,1179
2714,1179
2714,1179
2714,1179
2714,1179
2714,1179
2714,1179
2714,1179
2714,1179
2714,1179
2714,1179
2714,1179
2733,1180
2733,1180
2733,1180
2733,1180
2733,1180
2733,1180
2733,1180
2733,1180
2733,1180
2733,1180
2733,1180
2733,1180
2733,1180
2733,1180
2733,1180
2733,1180
2733,1180
2733,1180
2733,1180
2733,1180
2733,1180
2733,1180
2733,1180
2733,1180
2757,1181
2757,1181
2757,1181
2757,1181
2757,1181
2757,1181
2757,1181
2757,1181
2757,1181
2757,1181
2757,1181
2757,1181
2769,1182
2769,1182
2769,1182
2769,1182
2769,1182
2769,1182
2769,1182
2769,1182
2769,1182
2769,1182
2769,1182
2769,1182
2769,1182
2769,1182
2769,1182
2769,1182
2769,1182
2769,1182
2769,1182
2769,1182
2769,1182
2769,1182
2769,1182
2769,1182
2793,1183
2793,1183
2793,1183
2793,1183
2793,1183
2793,1183
2793,1183
2793,1183
2793,1183
2793,1183
2793,1183
2793,1183
2793,1183
2793,1183
2793,1183
2808,1184
2808,1184
2808,1184
2808,1184
2808,1184
2808,1184
2808,1184
2808,1184
2808,1184
2808,1184
2808,1184
2808,1184
2808,1184
2821,1185
2821,1185
2821,1185
2821,1185
2821,1185
2821,1185
2821,1185
2821,1185
2821,1185
2821,1185
2821,1185
2821,1185
2821,1185
2821,1185
2821,1185
2821,1185
2821,1185
2821,1185
2821,1185
2840,1186
2840,1186
2840,1186
2840,1186
2840,1186
2840,1186
2840,1186
2840,1186
2840,1186
2840,1186
2840,1186
2840,1186
2840,1186
2840,1186
2840,1186
2840,1186
2840,1186
2840,1186
2840,1186
2840,1186
2840,1186
2861,1187
2861,1187
2861,1187
2861,1187
2861,1187
2861,1187
2861,1187
2861,1187
2861,1187
2861,1187
2861,1187
2861,1187
2861,1187
2861,1187
2861,1187
2861,1187
2861,1187
2861,1187
2861,1187
2861,1187
2881,1188
2881,1188
2881,1188
2881,1188
2881,1188
2881,1188
2881,1188
2881,1188
2881,1188
2881,1188
2881,1188
2881,1188
2881,1188
2881,1188
2881,1188
2881,1188
2881,1188
2881,1188
2899,1189
2899,1189
2899,1189
2899,1189
2899,1189
2899,1189
2899,1189
2899,1189
2899,1189
2899,1189
2899,1189
2899,1189
2899,1189
2899,1189
2899,1189
2899,1189
2899,1189
2899,1189
2899,1189
2899,1189
2899,1189
2899,1189
2899,1189
2899,1189
2899,1189
2899,1189
2899,1189
2899,1189
2927,1190
2927,1190
2927,1190
2927,1190
2927,1190
2927,1190
2927,1190
2927,1190
2927,1190
2927,1190
2927,1190
2927,1190
2927,1190
2927,1190
2927,1190
2927,1190
2927,1190
2927,1190
2927,1190
2927,1190
2927,1190
2927,1190
2927,1190
2927,1190
2927,1190
2927,1190
2953,1191
2953,1191
2953,1191
2953,1191
2953,1191
2953,1191
2953,1191
2953,1191
2953,1191
2953,1191
2953,1191
2953,1191
2953,1191
2953,1191
2953,1191
2953,1191
2953,1191
2953,1191
2953,1191
2953,1191
2953,1191
2953,1191
2953,1191
2953,1191
2953,1191
2978,1192
2978,1192
2978,1192
2978,1192
2978,1192
2978,1192
2978,1192
2978,1192
2978,1192
2978,1192
2978,1192
2978,1192
2978,1192
2978,1192
2978,1192
2978,1192
2978,1192
2978,1192
2978,1192
2978,1192
2978,1192
2978,1192
2978,1192
2978,1192
2978,1192
2978,1192
2978,1192
2978,1192
2978,1192
3007,1193
3007,1193
3007,1193
3007,1193
3007,1193
3007,1193
3007,1193
3007,1193
3007,1193
3007,1193
3007,1193
3007,1193
3007,1193
3007,1193
3007,1193
3022,1194
3022,1194
3022,1194
3022,1194
3022,1194
3022,1194
3022,1194
3022,1194
3022,1194
3022,1194
3022,1194
3022,1194
3022,1194
3022,1194
3022,1194
3022,1194
3022,1194
3022,1194
3022,1194
3022,1194
3022,1194
3043,1195
3043,1195
3043,1195
3043,1195
3043,1195
3043,1195
3043,1195
3043,1195
3043,1195
3043,1195
3043,1195
3054,1196
3054,1196
3054,1196
3054,1196
3054,1196
3054,1196
3054,1196
3054,1196
3054,1196
3054,1196
3054,1196
3054,1196
3054,1196
3054,1196
3054,1196
3054,1196
3054,1196
3054,1196
3054,1196
3054,1196
3054,1196
3054,1196
3054,1196
3054,1196
3054,1196
3054,1196
3054,1196
3054,1196
3082,1197
3082,1197
3082,1197
3082,1197
3082,1197
3082,1197
3082,1197
3082,1197
3082,1197
3082,1197
3082,1197
3082,1197
3082,1197
3082,1197
3082,1197
3097,1198
3097,1198
3097,1198
3097,1198
3097,1198
3097,1198
3097,1198
3097,1198
3097,1198
3097,1198
3097,1198
3097,1198
3097,1198
3097,1198
3097,1198
3112,1199
3112,1199
3112,1199
3112,1199
3112,1199
3112,1199
3112,1199
3112,1199
3112,1199
3112,1199
3112,1199
3112,1199
3112,1199
3112,1199
3112,1199
3112,1199
3112,1199
3112,1199
3112,1199
3112,1199
3112,1199
3112,1199
3112,1199
3112,1199
3112,1199
3137,1200
3137,1200
3137,1200
3137,1200
3137,1200
3137,1200
3137,1200
3137,1200
3137,1200
3137,1200
3137,1200
3148,1201
3148,1201
3148,1201
3148,1201
3148,1201
3148,1201
3148,1201
3155,1202
3155,1202
3155,1202
3155,1202
3159,1203
3159,1203
3159,1203
3159,1203
3159,1203
3159,1203
3159,1203
3166,1204
3166,1204
3168,1205
3168,1205
3168,1205
3168,1205
3168,1205
3168,1205
3168,1205
3168,1205
3168,1205
3168,1205
3168,1205
3179,1206
3179,1206
3179,1206
3179,1206
3179,1206
3184,1207
3184,1207
3184,1207
3184,1207
3184,1207
3184,1207
3184,1207
3184,1207
3184,1207
3193,1208
3193,1208
3193,1208
3193,1208
3193,1208
3193,1208
3193,1208
3193,1208
3193,1208
3193,1208
3193,1208
3204,1209
3204,1209
3204,1209
3204,1209
3204,1209
3204,1209
3210,1210
3210,1210
3210,1210
3210,1210
3210,1210
3210,1210
3210,1210
3217,1211
3217,1211
3217,1211
3217,1211
3217,1211
3217,1211
3217,1211
3217,1211
3217,1211
3217,1211
3227,1212
3227,1212
3227,1212
3227,1212
3227,1212
3227,1212
3227,1212
3227,1212
3227,1212
3227,1212
3227,1212
3238,1213
3238,1213
3238,1213
3238,1213
3238,1213
3243,1214
3243,1214
3243,1214
3243,1214
3243,1214
3248,1215
3248,1215
3248,1215
3248,1215
3248,1215
3248,1215
3254,1216
3254,1216
3254,1216
3254,1216
3254,1216
3254,1216
3254,1216
3254,1216
3254,1216
3254,1216
3254,1216
3265,1217
3265,1217
3265,1217
3265,1217
3265,1217
3265,1217
3271,1218
3271,1218
3271,1218
3271,1218
3275,1219
3275,1219
3275,1219
3275,1219
3275,1219
3275,1219
3281,1220
3281,1220
3281,1220
3281,1220
3281,1220
3281,1220
3287,1221
3287,1221
3287,1221
3287,1221
3291,1222
3291,1222
3291,1222
3291,1222
3291,1222
3291,1222
3291,1222
3291,1222
3299,1223
3299,1223
3299,1223
3299,1223
3299,1223
3299,1223
3299,1223
3299,1223
3299,1223
3299,1223
3309,1224
3309,1224
3309,1224
3309,1224
3309,1224
3309,1224
3315,1225
3315,1225
3315,1225
3315,1225
3315,1225
3320,1226
3320,1226
3320,1226
3323,1227
3323,1227
3323,1227
3323,1227
3323,1227
3323,1227
3323,1227
3323,1227
3331,1228
3331,1228
3331,1228
3331,1228
3335,1229
3335,1229
3335,1229
3335,1229
3335,1229
3335,1229
3335,1229
3335,1229
3343,1230
3343,1230
3343,1230
3346,1231
3346,1231
3346,1231
3346,1231
3346,1231
3346,1231
3346,1231
3346,1231
3346,1231
3355,1232
3355,1232
3355,1232
3355,1232
3355,1232
3355,1232
3355,1232
3362,1233
3362,1233
3362,1233
3362,1233
3362,1233
3362,1233
3368,1234
3368,1234
3368,1234
3368,1234
3372,1235
3372,1235
3372,1235
3372,1235
3372,1235
3372,1235
3372,1235
3372,1235
3380,1236
3380,1236
3380,1236
3380,1236
3380,1236
3380,1236
3380,1236
3380,1236
3388,1237
3388,1237
3388,1237
3388,1237
3388,1237
3388,1237
3388,1237
3388,1237
3396,1238
3396,1238
3396,1238
3396,1238
3396,1238
3396,1238
3396,1238
3396,1238
3396,1238
3396,1238
3406,1239
3406,1239
3406,1239
3406,1239
3406,1239
3406,1239
3406,1239
3406,1239
3414,1240
3414,1240
3414,1240
3414,1240
3414,1240
3414,1240
3414,1240
3421,1241
3421,1241
3421,1241
3421,1241
3421,1241
3421,1241
3421,1241
3421,1241
3429,1242
3429,1242
3429,1242
3429,1242
3429,1242
3429,1242
3429,1242
3429,1242
3429,1242
3429,1242
3429,1242
3429,1242
3429,1242
3442,1243
3442,1243
3442,1243
3442,1243
3442,1243
3442,1243
3442,1243
3442,1243
3442,1243
3442,1243
3442,1243
3453,1244
3453,1244
3453,1244
3456,1245
3456,1245
3456,1245
3459,1246
3459,1246
3459,1246
3459,1246
3459,1246
3459,1246
3459,1246
3459,1246
3459,1246
3459,1246
3459,1246
3470,1247
3470,1247
3470,1247
3470,1247
3470,1247
3470,1247
3470,1247
3470,1247
3478,1248
3478,1248
3478,1248
3478,1248
3478,1248
3478,1248
3478,1248
3478,1248
3478,1248
3478,1248
3488,1249
3488,1249
3488,1249
3488,1249
3488,1249
3488,1249
3488,1249
3495,1250
3495,1250
3495,1250
3495,1250
3495,1250
3495,1250
3495,1250
3495,1250
3495,1250
3495,1250
3495,1250
3506,1251
3506,1251
3506,1251
3506,1251
3506,1251
3511,1252
3511,1252
3511,1252
3511,1252
3511,1252
3511,1252
3511,1252
3518,1253
3518,1253
3518,1253
3518,1253
3518,1253
3518,1253
3518,1253
3525,1254
3525,1254
3525,1254
3525,1254
3525,1254
3525,1254
3525,1254
3525,1254
3533,1255
3533,1255
3533,1255
3533,1255
3533,1255
3533,1255
3533,1255
3533,1255
3541,1256
3541,1256
3541,1256
3541,1256
3541,1256
3541,1256
3541,1256
3548,1257
3548,1257
3548,1257
3548,1257
3548,1257
3548,1257
3554,1258
3554,1258
3554,1258
3554,1258
3554,1258
3554,1258
3554,1258
3554,1258
3554,1258
3554,1258
3554,1258
3565,1259
3565,1259
3565,1259
3565,1259
3565,1259
3565,1259
3565,1259
3565,1259
3573,1260
3573,1260
3573,1260
3573,1260
3573,1260
3578,1261
3578,1261
3578,1261
3578,1261
3578,1261
3578,1261
3584,1262
3584,1262
3584,1262
3584,1262
3584,1262
3584,1262
3584,1262
3591,1263
3591,1263
3591,1263
3591,1263
3591,1263
3591,1263
3597,1264
3597,1264
3597,1264
3597,1264
3597,1264
3597,1264
3597,1264
3597,1264
3597,1264
3597,1264
3597,1264
3597,1264
3597,1264
3610,1265
3610,1265
3610,1265
3613,1266
3613,1266
3613,1266
3616,1267
3616,1267
3616,1267
3616,1267
3616,1267
3616,1267
3616,1267
3623,1268
3623,1268
3623,1268
3623,1268
3623,1268
3623,1268
3623,1268
3630,1269
3630,1269
3630,1269
3630,1269
3630,1269
3635,1270
3635,1270
3635,1270
3635,1270
3635,1270
3635,1270
3635,1270
3635,1270
3635,1270
3635,1270
3635,1270
3646,1271
3646,1271
3646,1271
3646,1271
3646,1271
3651,1272
3651,1272
3651,1272
3651,1272
3651,1272
3651,1272
3657,1273
3657,1273
3657,1273
3657,1273
3657,1273
3657,1273
3657,1273
3657,1273
3665,1274
3665,1274
3665,1274
3665,1274
3665,1274
3665,1274
3665,1274
3665,1274
3673,1275
3673,1275
3673,1275
3673,1275
3677,1276
3677,1276
3677,1276
3680,1277
3680,1277
3680,1277
3680,1277
3680,1277
3680,1277
3680,1277
3680,1277
3680,1277
3680,1277
3690,1278
3690,1278
3690,1278
3690,1278
3690,1278
3690,1278
3690,1278
3697,1279
3697,1279
3697,1279
3697,1279
3701,1280
3701,1280
3701,1280
3701,1280
3701,1280
3701,1280
3701,1280
3708,1281
3708,1281
3708,1281
3708,1281
3708,1281
3708,1281
3708,1281
3708,1281
3708,1281
3708,1281
3718,1282
3718,1282
3718,1282
3718,1282
3718,1282
3718,1282
3718,1282
3718,1282
3718,1282
3718,1282
3718,1282
3729,1283
3729,1283
3729,1283
3729,1283
3729,1283
3729,1283
3729,1283
3736,1284
3736,1284
3736,1284
3736,1284
3736,1284
3736,1284
3736,1284
3736,1284
3744,1285
3744,1285
3744,1285
3744,1285
3744,1285
3744,1285
3750,1286
3750,1286
3750,1286
3750,1286
3750,1286
3750,1286
3750,1286
3750,1286
3758,1287
3758,1287
3758,1287
3758,1287
3758,1287
3758,1287
3758,1287
3758,1287
3758,1287
3758,1287
3768,1288
3768,1288
3768,1288
3768,1288
3768,1288
3768,1288
3768,1288
3768,1288
3768,1288
3768,1288
3778,1289
3778,1289
3778,1289
3778,1289
3778,1289
3778,1289
3778,1289
3785,1290
3785,1290
3785,1290
3785,1290
3785,1290
3785,1290
3785,1290
3785,1290
3785,1290
3785,1290
3785,1290
3785,1290
3797,1291
3797,1291
3799,1292
3799,1292
3799,1292
3799,1292
3799,1292
3799,1292
3805,1293
3805,1293
3805,1293
3805,1293
3805,1293
3805,1293
3805,1293
3812,1294
3812,1294
3812,1294
3812,1294
3812,1294
3812,1294
3818,1295
3818,1295
3818,1295
3818,1295
3818,1295
3818,1295
3818,1295
3818,1295
3818,1295
3818,1295
3828,1296
3828,1296
3828,1296
3828,1296
3828,1296
3833,1297
3833,1297
3833,1297
3833,1297
3833,1297
3833,1297
3833,1297
3833,1297
3833,1297
3833,1297
3833,1297
3833,1297
3833,1297
3833,1297
3847,1298
3847,1298
3847,1298
3847,1298
3851,1299
3851,1299
3851,1299
3851,1299
3851,1299
3851,1299
3851,1299
3851,1299
3859,1300
3859,1300
3859,1300
3859,1300
3859,1300
3859,1300
3859,1300
3859,1300
3859,1300
3859,1300
3859,1300
3859,1300
3859,1300
3872,1301
3872,1301
3872,1301
3872,1301
3876,1302
3876,1302
3876,1302
3876,1302
3876,1302
3876,1302
3882,1303
3882,1303
3882,1303
3882,1303
3882,1303
3882,1303
3888,1304
3888,1304
3888,1304
3888,1304
3888,1304
3888,1304
3888,1304
3888,1304
3888,1304
3888,1304
3888,1304
3899,1305
3899,1305
3899,1305
3899,1305
3899,1305
3899,1305
3899,1305
3899,1305
3899,1305
3899,1305
3909,1306
3909,1306
3909,1306
3909,1306
3909,1306
3909,1306
3909,1306
3909,1306
3909,1306
3918,1307
3918,1307
3918,1307
3918,1307
3918,1307
3923,1308
3923,1308
3923,1308
3923,1308
3923,1308
3923,1308
3923,1308
3923,1308
3923,1308
3923,1308
3923,1308
3934,1309
3934,1309
3934,1309
3934,1309
3934,1309
3934,1309
3934,1309
3934,1309
3942,1310
3942,1310
3942,1310
3942,1310
3942,1310
3942,1310
3942,1310
3942,1310
3942,1310
3942,1310
3942,1310
3953,1311
3953,1311
3953,1311
3953,1311
3953,1311
3953,1311
3953,1311
3953,1311
3953,1311
3953,1311
3953,1311
3964,1312
3964,1312
3966,1313
3966,1313
3966,1313
3966,1313
3966,1313
3966,1313
3972,1314
3972,1314
3972,1314
3972,1314
3972,1314
3972,1314
3972,1314
3972,1314
3972,1314
3981,1315
3981,1315
3981,1315
3981,1315
3981,1315
3981,1315
3981,1315
3981,1315
3989,1316
3989,1316
3989,1316
3989,1316
3989,1316
3989,1316
3989,1316
3989,1316
3989,1316
3989,1316
3989,1316
4000,1317
4000,1317
4000,1317
4003,1318
4003,1318
4003,1318
4003,1318
4003,1318
4003,1318
4003,1318
4003,1318
4003,1318
4003,1318
4013,1319
4013,1319
4013,1319
4013,1319
4013,1319
4013,1319
4013,1319
4013,1319
4013,1319
4013,1319
4023,1320
4023,1320
4023,1320
4023,1320
4023,1320
4023,1320
4029,1321
4029,1321
4029,1321
4029,1321
4029,1321
4029,1321
4029,1321
4036,1322
4036,1322
4036,1322
4036,1322
4036,1322
4036,1322
4036,1322
4036,1322
4036,1322
4036,1322
4036,1322
4047,1323
4047,1323
4047,1323
4047,1323
4051,1324
4051,1324
4051,1324
4054,1325
4054,1325
4054,1325
4054,1325
4058,1326
4058,1326
4058,1326
4061,1327
4061,1327
4061,1327
4061,1327
4061,1327
4061,1327
4061,1327
4068,1328
4068,1328
4068,1328
4068,1328
4068,1328
4068,1328
4068,1328
4068,1328
4076,1329
4076,1329
4076,1329
4076,1329
4076,1329
4076,1329
4082,1330
4082,1330
4082,1330
4082,1330
4082,1330
4082,1330
4082,1330
4082,1330
4090,1331
4090,1331
4090,1331
4090,1331
4090,1331
4095,1332
4095,1332
4095,1332
4098,1333
4098,1333
4098,1333
4098,1333
4098,1333
4103,1334
4103,1334
4103,1334
4103,1334
4103,1334
4103,1334
4109,1335
4109,1335
4109,1335
4109,1335
4109,1335
4109,1335
4109,1335
4109,1335
4117,1336
4117,1336
4117,1336
4117,1336
4117,1336
4117,1336
4117,1336
4117,1336
4117,1336
4117,1336
4117,1336
4128,1337
4128,1337
4130,1338
4130,1338
4132,1339
4132,1339
4132,1339
4132,1339
4132,1339
4132,1339
4132,1339
4132,1339
4132,1339
4132,1339
4132,1339
4132,1339
4132,1339
4132,1339
4132,1339
4147,1340
4147,1340
4147,1340
4147,1340
4147,1340
4152,1341
4152,1341
4152,1341
4152,1341
4156,1342
4156,1342
4156,1342
4156,1342
4156,1342
4156,1342
4162,1343
4162,1343
4162,1343
4162,1343
4162,1343
4162,1343
4168,1344
4168,1344
4168,1344
4168,1344
4168,1344
4168,1344
4168,1344
4168,1344
4168,1344
4168,1344
4168,1344
4179,1345
4179,1345
4179,1345
4179,1345
4179,1345
4179,1345
4179,1345
4186,1346
4186,1346
4186,1346
4186,1346
4186,1346
4186,1346
4186,1346
4186,1346
4194,1347
4194,1347
4194,1347
4194,1347
4194,1347
4194,1347
4200,1348
4200,1348
4200,1348
4200,1348
4200,1348
4205,1349
4205,1349
4205,1349
4205,1349
4205,1349
4205,1349
4205,1349
4205,1349
4205,1349
4205,1349
4205,1349
4205,1349
4217,1350
4217,1350
4217,1350
4217,1350
4217,1350
4217,1350
4217,1350
4217,1350
4217,1350
4226,1351
4226,1351
4226,1351
4226,1351
4226,1351
4231,1352
4231,1352
4231,1352
4231,1352
4231,1352
4236,1353
4236,1353
4236,1353
4236,1353
4236,1353
4236,1353
4236,1353
4236,1353
4236,1353
4245,1354
4245,1354
4247,1355
4247,1355
4247,1355
4247,1355
4251,1356
4251,1356
4251,1356
4251,1356
4251,1356
4251,1356
4251,1356
4258,1357
4258,1357
4258,1357
4258,1357
4258,1357
4258,1357
4258,1357
4258,1357
4266,1358
4266,1358
4266,1358
4266,1358
4266,1358
4266,1358
4266,1358
4266,1358
4274,1359
4274,1359
4274,1359
4274,1359
4274,1359
4274,1359
4274,1359
4274,1359
4274,1359
4274,1359
4284,1360
4284,1360
4284,1360
4284,1360
4284,1360
4284,1360
4284,1360
4291,1361
4291,1361
4291,1361
4291,1361
4291,1361
4291,1361
4291,1361
4291,1361
4291,1361
4291,1361
4291,1361
4302,1362
4302,1362
4302,1362
4302,1362
4302,1362
4302,1362
4302,1362
4302,1362
4302,1362
4302,1362
4312,1363
4312,1363
4312,1363
4312,1363
4312,1363
4312,1363
4318,1364
4318,1364
4318,1364
4318,1364
4318,1364
4318,1364
4318,1364
4318,1364
4318,1364
4318,1364
4318,1364
4329,1365
4329,1365
4329,1365
4329,1365
4329,1365
4329,1365
4329,1365
4329,1365
4329,1365
4329,1365
4339,1366
4339,1366
4339,1366
4339,1366
4339,1366
4339,1366
4339,1366
4339,1366
4347,1367
4347,1367
4347,1367
4347,1367
4347,1367
4347,1367
4347,1367
4354,1368
4354,1368
4354,1368
4354,1368
4354,1368
4354,1368
4360,1369
4360,1369
4360,1369
4360,1369
4360,1369
4360,1369
4360,1369
4360,1369
4360,1369
4360,1369
4360,1369
4360,1369
4372,1370
4372,1370
4372,1370
4372,1370
4372,1370
4372,1370
4378,1371
4378,1371
4378,1371
4378,1371
4378,1371
4383,1372
4383,1372
4383,1372
4383,1372
4383,1372
4383,1372
4383,1372
4390,1373
4390,1373
4390,1373
4390,1373
4390,1373
4390,1373
4390,1373
4390,1373
4390,1373
4390,1373
4390,1373
4390,1373
4402,1374
4402,1374
4402,1374
4402,1374
4402,1374
4402,1374
4402,1374
4409,1375
4409,1375
4409,1375
4409,1375
4413,1376
4413,1376
4413,1376
4413,1376
4413,1376
4413,1376
4413,1376
4413,1376
4421,1377
4421,1377
4421,1377
4421,1377
4421,1377
4421,1377
4421,1377
4428,1378
4428,1378
4428,1378
4428,1378
4428,1378
4428,1378
4428,1378
4428,1378
4428,1378
4428,1378
4428,1378
4428,1378
4440,1379
4440,1379
4440,1379
4440,1379
4440,1379
4440,1379
4440,1379
4447,1380
4447,1380
4447,1380
4447,1380
4447,1380
4447,1380
4447,1380
4454,1381
4454,1381
4454,1381
4454,1381
4454,1381
4454,1381
4454,1381
4454,1381
4454,1381
4454,1381
4464,1382
4464,1382
4464,1382
4464,1382
4464,1382
4464,1382
4464,1382
4464,1382
4472,1383
4472,1383
4472,1383
4472,1383
4472,1383
4472,1383
4478,1384
4478,1384
4478,1384
4478,1384
4478,1384
4478,1384
4478,1384
4485,1385
4485,1385
4485,1385
4485,1385
4485,1385
4485,1385
4485,1385
4485,1385
4493,1386
4493,1386
4493,1386
4493,1386
4497,1387
4497,1387
4497,1387
4497,1387
4497,1387
4497,1387
4497,1387
4504,1388
4504,1388
4504,1388
4504,1388
4504,1388
4504,1388
4510,1389
4510,1389
4510,1389
4510,1389
4510,1389
4510,1389
4516,1390
4516,1390
4518,1391
4518,1391
4518,1391
4521,1392
4521,1392
4521,1392
4521,1392
4521,1392
4521,1392
4521,1392
4528,1393
4528,1393
4528,1393
4528,1393
4528,1393
4528,1393
4528,1393
4528,1393
4528,1393
4528,1393
4538,1394
4538,1394
4538,1394
4538,1394
4538,1394
4543,1395
4543,1395
4543,1395
4543,1395
4547,1396
4547,1396
4547,1396
4547,1396
4551,1397
4551,1397
4551,1397
4551,1397
4551,1397
4551,1397
4551,1397
4558,1398
4558,1398
4558,1398
4558,1398
4562,1399
4562,1399
4562,1399
4562,1399
4562,1399
4562,1399
4562,1399
4562,1399
4570,1400
4570,1400
4570,1400
4570,1400
4570,1400
4570,1400
4576,1401
4576,1401
4576,1401
4576,1401
4576,1401
4576,1401
4582,1402
4582,1402
4582,1402
4582,1402
4582,1402
4582,1402
4582,1402
4589,1403
4589,1403
4589,1403
4589,1403
4589,1403
4589,1403
4595,1404
4595,1404
4595,1404
4595,1404
4595,1404
4600,1405
4600,1405
4600,1405
4600,1405
4600,1405
4600,1405
4600,1405
4600,1405
4600,1405
4600,1405
4610,1406
4610,1406
4610,1406
4613,1407
4613,1407
4613,1407
4613,1407
4613,1407
4613,1407
4619,1408
4619,1408
4619,1408
4619,1408
4619,1408
4619,1408
4619,1408
4619,1408
4627,1409
4627,1409
4627,1409
4627,1409
4627,1409
4632,1410
4632,1410
4632,1410
4632,1410
4632,1410
4632,1410
4632,1410
4632,1410
4632,1410
4632,1410
4632,1410
4632,1410
4644,1411
4644,1411
4644,1411
4644,1411
4644,1411
4644,1411
4644,1411
4651,1412
4651,1412
4651,1412
4651,1412
4651,1412
4651,1412
4651,1412
4658,1413
4658,1413
4658,1413
4658,1413
4658,1413
4658,1413
4658,1413
4658,1413
4658,1413
4658,1413
4658,1413
4658,1413
4670,1414
4670,1414
4670,1414
4670,1414
4670,1414
4670,1414
4670,1414
4670,1414
4678,1415
4678,1415
4678,1415
4678,1415
4678,1415
4678,1415
4678,1415
4678,1415
4678,1415
4678,1415
4678,1415
4689,1416
4689,1416
4689,1416
4689,1416
4689,1416
4689,1416
4689,1416
4689,1416
4689,1416
4689,1416
4689,1416
4700,1417
4700,1417
4700,1417
4700,1417
4700,1417
4705,1418
4705,1418
4705,1418
4705,1418
4705,1418
4705,1418
4711,1419
4711,1419
4711,1419
4711,1419
4715,1420
4715,1420
4715,1420
4715,1420
4715,1420
4720,1421
4720,1421
4720,1421
4720,1421
4720,1421
4720,1421
4720,1421
4727,1422
4727,1422
4727,1422
4727,1422
4727,1422
4727,1422
4727,1422
4727,1422
4727,1422
4727,1422
4727,1422
4727,1422
4727,1422
4727,1422
4741,1423
4741,1423
4741,1423
4741,1423
4741,1423
4741,1423
4741,1423
4741,1423
4741,1423
4750,1424
4750,1424
4750,1424
4750,1424
4750,1424
4755,1425
4755,1425
4755,1425
4755,1425
4755,1425
4755,1425
4761,1426
4761,1426
4761,1426
4761,1426
4761,1426
4761,1426
4767,1427
4767,1427
4767,1427
4767,1427
4767,1427
4767,1427
4767,1427
4767,1427
4775,1428
4775,1428
4775,1428
4775,1428
4775,1428
4780,1429
4780,1429
4780,1429
4780,1429
4784,1430
4784,1430
4784,1430
4784,1430
4784,1430
4784,1430
4784,1430
4791,1431
4791,1431
4793,1432
4793,1432
4793,1432
4793,1432
4793,1432
4793,1432
4793,1432
4800,1433
4800,1433
4800,1433
4800,1433
4800,1433
4805,1434
4805,1434
4805,1434
4805,1434
4805,1434
4805,1434
4805,1434
4805,1434
4805,1434
4805,1434
4815,1435
4815,1435
4815,1435
4815,1435
4815,1435
4815,1435
4815,1435
4815,1435
4815,1435
4824,1436
4824,1436
4824,1436
4824,1436
4824,1436
4829,1437
4829,1437
4829,1437
4829,1437
4829,1437
4834,1438
4834,1438
4834,1438
4834,1438
4834,1438
4834,1438
4834,1438
4834,1438
4834,1438
4834,1438
4844,1439
4844,1439
4844,1439
4844,1439
4844,1439
4844,1439
4844,1439
4844,1439
4844,1439
4844,1439
4854,1440
4854,1440
4854,1440
4854,1440
4858,1441
4858,1441
4858,1441
4858,1441
4858,1441
4858,1441
4858,1441
4865,1442
4865,1442
4865,1442
4865,1442
4869,1443
4869,1443
4869,1443
4869,1443
4869,1443
4869,1443
4875,1444
4875,1444
4875,1444
4875,1444
4875,1444
4875,1444
4881,1445
4881,1445
4881,1445
4881,1445
4881,1445
4886,1446
4886,1446
4886,1446
4889,1447
4889,1447
4889,1447
4889,1447
4889,1447
4889,1447
4889,1447
4896,1448
4896,1448
4896,1448
4896,1448
4896,1448
4901,1449
4901,1449
4901,1449
4904,1450
4904,1450
4904,1450
4904,1450
4904,1450
4904,1450
4910,1451
4910,1451
4910,1451
4910,1451
4910,1451
4915,1452
4915,1452
4915,1452
4915,1452
4915,1452
4915,1452
4921,1453
4921,1453
4921,1453
4921,1453
4921,1453
4921,1453
4921,1453
4928,1454
4928,1454
4928,1454
4928,1454
4928,1454
4928,1454
4934,1455
4934,1455
4934,1455
4934,1455
4934,1455
4934,1455
4940,1456
4940,1456
4940,1456
4940,1456
4940,1456
4945,1457
4945,1457
4945,1457
4945,1457
4945,1457
4950,1458
4950,1458
4952,1459
4952,1459
4952,1459
4952,1459
4952,1459
4952,1459
4958,1460
4958,1460
4958,1460
4958,1460
4958,1460
4958,1460
4958,1460
4965,1461
4965,1461
4965,1461
4965,1461
4965,1461
4965,1461
4965,1461
4965,1461
4973,1462
4973,1462
4973,1462
4973,1462
4973,1462
4973,1462
4973,1462
4980,1463
4980,1463
4980,1463
4980,1463
4980,1463
4980,1463
4980,1463
4980,1463
4980,1463
4980,1463
4990,1464
4990,1464
4990,1464
4990,1464
4990,1464
4995,1465
4995,1465
4995,1465
4995,1465
4999,1466
4999,1466
4999,1466
4999,1466
4999,1466
4999,1466
4999,1466
5006,1467
5006,1467
5006,1467
5006,1467
5010,1468
5010,1468
5010,1468
5010,1468
5010,1468
5010,1468
5016,1469
5016,1469
5016,1469
5016,1469
5020,1470
5020,1470
5020,1470
5020,1470
5020,1470
5020,1470
5026,1471
5026,1471
5026,1471
5029,1472
5029,1472
5029,1472
5029,1472
5029,1472
5034,1473
5034,1473
5036,1474
5036,1474
5036,1474
5036,1474
5036,1474
5041,1475
5041,1475
5041,1475
5041,1475
5041,1475
5041,1475
5041,1475
5048,1476
5048,1476
5050,1477
5050,1477
5050,1477
5053,1478
5053,1478
5053,1478
5053,1478
5057,1479
5057,1479
5057,1479
5060,1480
5060,1480
5060,1480
5060,1480
5060,1480
5060,1480
5066,1481
5066,1481
5066,1481
5066,1481
5066,1481
5066,1481
5066,1481
5073,1482
5073,1482
5073,1482
5073,1482
5073,1482
5073,1482
5073,1482
5073,1482
5073,1482
5073,1482
5083,1483
5084,1484
5084,1484
5084,1484
5084,1484
5084,1484
5084,1484
5084,1484
5084,1484
5092,1485
5092,1485
5092,1485
5092,1485
5092,1485
5092,1485
5092,1485
5092,1485
5100,1486
5100,1486
5100,1486
5100,1486
5100,1486
5105,1487
5105,1487
5105,1487
5105,1487
5105,1487
5105,1487
5105,1487
5112,1488
5112,1488
5112,1488
5112,1488
5112,1488
5112,1488
5118,1489
5118,1489
5118,1489
5118,1489
5118,1489
5118,1489
5124,1490
5124,1490
5124,1490
5124,1490
5128,1491
5128,1491
5128,1491
5128,1491
5128,1491
5128,1491
5128,1491
5135,1492
5135,1492
5135,1492
5138,1493
5138,1493
5138,1493
5138,1493
5142,1494
5142,1494
5142,1494
5145,1495
5145,1495
5145,1495
5145,1495
5145,1495
5145,1495
5151,1496
5151,1496
5153,1497
5153,1497
5153,1497
5153,1497
5153,1497
5158,1498
5158,1498
5158,1498
5161,1499
5161,1499
5161,1499
5164,1500
5164,1500
5164,1500
5167,1501
5167,1501
5167,1501
5167,1501
5171,1502
5171,1502
5171,1502
5171,1502
5171,1502
5176,1503
5176,1503
5176,1503
5176,1503
5176,1503
5176,1503
5182,1504
5182,1504
5182,1504
5182,1504
5186,1505
5186,1505
5186,1505
5186,1505
5186,1505
5191,1506
5192,1507
5192,1507
5192,1507
5192,1507
5196,1508
5196,1508
5196,1508
5196,1508
5196,1508
5196,1508
5196,1508
5196,1508
5204,1509
5204,1509
5204,1509
5207,1510
5207,1510
5207,1510
5207,1510
5211,1511
5211,1511
5211,1511
5211,1511
5211,1511
5216,1512
5216,1512
5216,1512
5216,1512
5220,1513
5220,1513
5220,1513
5220,1513
5220,1513
5220,1513
5220,1513
5227,1514
5227,1514
5227,1514
5227,1514
5231,1515
5231,1515
5231,1515
5231,1515
5231,1515
5236,1516
5236,1516
5236,1516
5236,1516
5236,1516
5241,1517
5241,1517
5241,1517
5241,1517
5241,1517
5241,1517
5241,1517
5248,1518
5248,1518
5248,1518
5248,1518
5248,1518
5253,1519
5253,1519
5253,1519
5253,1519
5253,1519
5258,1520
5258,1520
5258,1520
5258,1520
5258,1520
5258,1520
5258,1520
5265,1521
5265,1521
5267,1522
5267,1522
5267,1522
5267,1522
5267,1522
5267,1522
5273,1523
5273,1523
5273,1523
5273,1523
5273,1523
5273,1523
5273,1523
5273,1523
5273,1523
5282,1524
5282,1524
5284,1525
5284,1525
5284,1525
5284,1525
5288,1526
5288,1526
5288,1526
5288,1526
5288,1526
5288,1526
5294,1527
5294,1527
5294,1527
5297,1528
5297,1528
5297,1528
5297,1528
5297,1528
5297,1528
5303,1529
5303,1529
5303,1529
5303,1529
5303,1529
5308,1530
5309,1531
5309,1531
5309,1531
5309,1531
5309,1531
5309,1531
5309,1531
5309,1531
5317,1533
5317,1533
5317,1533
5317,1533
5317,1533
5322,1534
5322,1534
5322,1534
5322,1534
5326,1535
5326,1535
5326,1535
5326,1535
5326,1535
5331,1536
5331,1536
5333,1537
5333,1537
5333,1537
5333,1537
5333,1537
5333,1537
5339,1538
5340,1539
5340,1539
5342,1540
5342,1540
5342,1540
5345,1541
5345,1541
5345,1541
5345,1541
5345,1541
5350,1542
5350,1542
5350,1542
5350,1542
5354,1543
5354,1543
5354,1543
5357,1544
5357,1544
5357,1544
5360,1545
5360,1545
5360,1545
5360,1545
5364,1546
5364,1546
5364,1546
5364,1546
5364,1546
5364,1546
5370,1547
5370,1547
5370,1547
5370,1547
5374,1548
5374,1548
5374,1548
5374,1548
5374,1548
5379,1549
5379,1549
5379,1549
5379,1549
5379,1549
5379,1549
5379,1549
5386,1550
5387,1551
5387,1551
5387,1551
5387,1551
5387,1551
5387,1551
5393,1552
5393,1552
5393,1552
5393,1552
5397,1553
5397,1553
5397,1553
5397,1553
5397,1553
5397,1553
5403,1554
5403,1554
5403,1554
5403,1554
5403,1554
5408,1555
5408,1555
5408,1555
5408,1555
5408,1555
5413,1556
5413,1556
5415,1557
5415,1557
5415,1557
5415,1557
5419,1558
5419,1558
5419,1558
5422,1559
5422,1559
5422,1559
5425,1560
5425,1560
5427,1561
5427,1561
5427,1561
5430,1562
5430,1562
5430,1562
5430,1562
5430,1562
5430,1562
5430,1562
5437,1563
5437,1563
5437,1563
5437,1563
5437,1563
5442,1564
5442,1564
5442,1564
5442,1564
5446,1565
5446,1565
5448,1566
5448,1566
5448,1566
5451,1567
5451,1567
5451,1567
5451,1567
5451,1567
5456,1568
5456,1568
5456,1568
5459,1569
5459,1569
5459,1569
5462,1570
5462,1570
5462,1570
5462,1570
5462,1570
5467,1571
5467,1571
5467,1571
5470,1572
5470,1572
5470,1572
5470,1572
5470,1572
5470,1572
5476,1573
5476,1573
5476,1573
5476,1573
5476,1573
5481,1574
5481,1574
5481,1574
5481,1574
5481,1574
5486,1575
5486,1575
5486,1575
5486,1575
5490,1576
5490,1576
5492,1577
5492,1577
5492,1577
5492,1577
5496,1578
5496,1578
5496,1578
5496,1578
5496,1578
5501,1579
5501,1579
5501,1579
5501,1579
5501,1579
5501,1579
5501,1579
5508,1580
5508,1580
5510,1581
5510,1581
5510,1581
5510,1581
5510,1581
5515,1582
5515,1582
5517,1583
5518,1584
5519,1585
5519,1585
5519,1585
5519,1585
5523,1586
5523,1586
5523,1586
5523,1586
5523,1586
5523,1586
5529,1587
5529,1587
5529,1587
5529,1587
5529,1587
5529,1587
5535,1588
5535,1588
5537,1589
5537,1589
5537,1589
5540,1590
5540,1590
5540,1590
5540,1590
5544,1591
5545,1592
5545,1592
5545,1592
5545,1592
5545,1592
5545,1592
5551,1593
5551,1593
5553,1594
5553,1594
5553,1594
5553,1594
5553,1594
5553,1594
5559,1595
5559,1595
5559,1595
5559,1595
5559,1595
5564,1596
5564,1596
5564,1596
5567,1597
5567,1597
5567,1597
5567,1597
5567,1597
5572,1598
5573,1599
5573,1599
5573,1599
5573,1599
5577,1600
5577,1600
5577,1600
5580,1601
5580,1601
5580,1601
5580,1601
5580,1601
5580,1601
5586,1602
5586,1602
5588,1603
5588,1603
5588,1603
5588,1603
5588,1603
5588,1603
5594,1604
5594,1604
5594,1604
5594,1604
5594,1604
5594,1604
5600,1605
5600,1605
5600,1605
5600,1605
5604,1606
5604,1606
5604,1606
5607,1607
5607,1607
5607,1607
5610,1608
5610,1608
5610,1608
5610,1608
5610,1608
5610,1608
5616,1609
5617,1610
5617,1610
5619,1612
5619,1612
5619,1612
5619,1612
5619,1612
5619,1612
5625,1613
5625,1613
5625,1613
5625,1613
5625,1613
5630,1614
5630,1614
5630,1614
5633,1615
5633,1615
5635,1616
5635,1616
5635,1616
5635,1616
5639,1617
5640,1618
5640,1618
5640,1618
5643,1619
5643,1619
5643,1619
5643,1619
5647,1620
5647,1620
5647,1620
5647,1620
5651,1621
5651,1621
5651,1621
5654,1622
5654,1622
5656,1623
5657,1624
5657,1624
5657,1624
5657,1624
5661,1625
5661,1625
5661,1625
5661,1625
5661,1625
5661,1625
5661,1625
5668,1626
5668,1626
5668,1626
5668,1626
5668,1626
5668,1626
5674,1627
5674,1627
5674,1627
5677,1628
5677,1628
5679,1629
5680,1630
5680,1630
5682,1631
5682,1631
5682,1631
5685,1632
5686,1633
5686,1633
5688,1634
5689,1635
5689,1635
5689,1635
5689,1635
5693,1636
5693,1636
5693,1636
5693,1636
5697,1637
5697,1637
5699,1638
5699,1638
5699,1638
5702,1639
5702,1639
5702,1639
5702,1639
5706,1640
5706,1640
5706,1640
5709,1641
5709,1641
5709,1641
5712,1642
5712,1642
5712,1642
5712,1642
5712,1642
5717,1643
5717,1643
5719,1644
5719,1644
5721,1645
5722,1646
5722,1646
5724,1647
5724,1647
5724,1647
5724,1647
5724,1647
5729,1648
5729,1648
5729,1648
5729,1648
5733,1649
5733,1649
5733,1649
5733,1649
5733,1649
5733,1649
5733,1649
5740,1650
5740,1650
5742,1651
5742,1651
5742,1651
5742,1651
5746,1652
5746,1652
5746,1652
5749,1653
5749,1653
5749,1653
5752,1654
5752,1654
5752,1654
5752,1654
5756,1655
5756,1655
5756,1655
5759,1656
5759,1656
5759,1656
5762,1657
5762,1657
5762,1657
5762,1657
5762,1657
5762,1657
5768,1658
5768,1658
5770,1659
5771,1660
5771,1660
5771,1660
5771,1660
5775,1661
5775,1661
5775,1661
5775,1661
5775,1661
5780,1662
5780,1662
5780,1662
5780,1662
5780,1662
5780,1662
5786,1663
5786,1663
5788,1664
5788,1664
5788,1664
5788,1664
5792,1665
5792,1665
5792,1665
5792,1665
5792,1665
5797,1666
5797,1666
5797,1666
5797,1666
5801,1667
5801,1667
5801,1667
5801,1667
5805,1668
5805,1668
5805,1668
5808,1669
5808,1669
5808,1669
5808,1669
5808,1669
5808,1669
5814,1670
5815,1671
5815,1671
5815,1671
5815,1671
5815,1671
5815,1671
5821,1672
5821,1672
5823,1673
5823,1673
5823,1673
5823,1673
5827,1674
5827,1674
5827,1674
5827,1674
5831,1675
5832,1676
5832,1676
5832,1676
5835,1677
5835,1677
5837,1678
5837,1678
5837,1678
5840,1680
5840,1680
5840,1680
5840,1680
5844,1681
5844,1681
5844,1681
5844,1681
5848,1682
5848,1682
5848,1682
5848,1682
5852,1683
5852,1683
5852,1683
5855,1684
5855,1684
5855,1684
5855,1684
5855,1684
5860,1685
5861,1686
5861,1686
5861,1686
5861,1686
5865,1687
5866,1688
5866,1688
5866,1688
5866,1688
5870,1689
5870,1689
5872,1690
5872,1690
5872,1690
5875,1691
5876,1692
5877,1693
5877,1693
5879,1694
5879,1694
5879,1694
5879,1694
5883,1695
5884,1696
5885,1697
5885,1697
5885,1697
5885,1697
5885,1697
5890,1698
5890,1698
5890,1698
5893,1699
5893,1699
5893,1699
5893,1699
5897,1700
5897,1700
5897,1700
5897,1700
5901,1701
5901,1701
5901,1701
5904,1702
5904,1702
5906,1703
5907,1704
5907,1704
5909,1705
5910,1706
5910,1706
5910,1706
5913,1707
5913,1707
5913,1707
5913,1707
5917,1708
5917,1708
5917,1708
5917,1708
5921,1710
5921,1710
5921,1710
5921,1710
5921,1710
5921,1710
5927,1712
5927,1712
5929,1713
5930,1715
5930,1715
5930,1715
5930,1715
5930,1715
5935,1716
5936,1717
5936,1717
5936,1717
5939,1718
5939,1718
5939,1718
5942,1719
5943,1720
5943,1720
5943,1720
5946,1721
5946,1721
5946,1721
5949,1722
5949,1722
5951,1723
5951,1723
5951,1723
5951,1723
5951,1723
5956,1724
5956,1724
5958,1725
5958,1725
5960,1726
5960,1726
5962,1728
5962,1728
5962,1728
5962,1728
5962,1728
5967,1729
5967,1729
5969,1730
5969,1730
5969,1730
5969,1730
5973,1731
5974,1732
5974,1732
5974,1732
5974,1732
5978,1733
5978,1733
5980,1734
5981,1735
5981,1735
5981,1735
5981,1735
5985,1738
5985,1738
5985,1738
5988,1739
5989,1740
5990,1741
5990,1741
5990,1741
5993,1742
5993,1742
5995,1743
5996,1744
5997,1745
5998,1746
5999,1747
5999,1747
5999,1747
5999,1747
6003,1748
6003,1748
6003,1748
6003,1748
6007,1749
6007,1749
6007,1749
6007,1749
6007,1749
6012,1750
6012,1750
6012,1750
6012,1750
6016,1751
6016,1751
6018,1752
6019,1753
6020,1754
6020,1754
6022,1755
6022,1755
6022,1755
6022,1755
6026,1756
6026,1756
6026,1756
6026,1756
6030,1757
6031,1759
6031,1759
6033,1760
6033,1760
6033,1760
6036,1761
6036,1761
6038,1762
6038,1762
6038,1762
6038,1762
6042,1763
6043,1765
6043,1765
6043,1765
6046,1766
6046,1766
6046,1766
6049,1767
6050,1768
6050,1768
6052,1771
6052,1771
6052,1771
6055,1772
6055,1772
6055,1772
6058,1773
6058,1773
6058,1773
6058,1773
6058,1773
6058,1773
6064,1774
6064,1774
6064,1774
6064,1774
6068,1775
6069,1776
6069,1776
6071,1778
6071,1778
6071,1778
6071,1778
6071,1778
6076,1779
6076,1779
6078,1780
6078,1780
6078,1780
6081,1781
6082,1782
6082,1782
6082,1782
6085,1783
6085,1783
6085,1783
6085,1783
6089,1784
6089,1784
6089,1784
6089,1784
6093,1785
6093,1785
6095,1786
6095,1786
6095,1786
6098,1787
6098,1787
6100,1788
6101,1789
6101,1789
6101,1789
6101,1789
6101,1789
6106,1790
6107,1791
6107,1791
6107,1791
6110,1792
6111,1793
6111,1793
6111,1793
6114,1794
6114,1794
6116,1795
6116,1795
6118,1796
6118,1796
6120,1797
6120,1797
6120,1797
6123,1798
6123,1798
6123,1798
6126,1799
6126,1799
6128,1800
6128,1800
6130,1801
6130,1801
6132,1802
6133,1803
6134,1804
6135,1806
6136,1807
6136,1807
6138,1808
6139,1809
6140,1810
6141,1811
6142,1812
6143,1813
6144,1814
6144,1814
6144,1814
6147,1815
6148,1816
6149,1817
6150,1819
6150,1819
6150,1819
6150,1819
6154,1821
6154,1821
6156,1823
6157,1824
6158,1825
6159,1829
6160,1830
6161,1831
6161,1831
6163,1835
6163,1835
6165,1839
6165,1839
6167,1840
6168,1841
6168,1841
6170,1842
6171,1844
6171,1844
6173,1845
6174,1846
6175,1847
6175,1847
6177,1849
6178,1850
6178,1850
6180,1851
6180,1851
6180,1851
6183,1852
6184,1854
6184,1854
6186,1857
6186,1857
6188,1859
6188,1859
6190,1861
6190,1861
6192,1862
6192,1862
6194,1863
6194,1863
6196,1864
6196,1864
6198,1865
6199,1866
6200,1867
6200,1867
6200,1867
6203,1868
6203,1868
6205,1869
6206,1870
6207,1871
6207,1871
6209,1872
6210,1876
6210,1876
6212,1877
6212,1877
6212,1877
6212,1877
6216,1878
6217,1879
6217,1879
6219,1880
6219,1880
6221,1881
6221,1881
6221,1881
6221,1881
6225,1882
6225,1882
6227,1883
6227,1883
6229,1885
6229,1885
6231,1886
6232,1887
6232,1887
6234,1889
6234,1889
6236,1890
6236,1890
6238,1893
6238,1893
6240,1894
6240,1894
6242,1895
6242,1895
6244,1896
6244,1896
6246,1897
6247,1899
6248,1900
6248,1900
6250,1902
6250,1902
6252,1903
6253,1905
6254,1907
6255,1908
6256,1909
6256,1909
6258,1910
6259,1911
6260,1912
6260,1912
6262,1913
6263,1914
6263,1914
6265,1915
6265,1915
6265,1915
6265,1915
6269,1916
6270,1918
6270,1918
6272,1919
6273,1922
6274,1923
6275,1925
6275,1925
6275,1925
6278,1926
6278,1926
6280,1927
6281,1928
6282,1930
6283,1931
6283,1931
6285,1939
6285,1939
6287,1940
6287,1940
6287,1940
6290,1941
6291,1942
6292,1943
6292,1943
6292,1943
6292,1943
6296,1945
6296,1945
6298,1946
6299,1948
6299,1948
6299,1948
6302,1950
6303,1953
6303,1953
6305,1954
6305,1954
6307,1955
6308,1957
6309,1960
6309,1960
6311,1961
6312,1962
6313,1964
6314,1965
6315,1968
6316,1970
6317,1971
6318,1972
6318,1972
6320,1974
6320,1974
6322,1975
6323,1976
6324,1977
6324,1977
6324,1977
6327,1979
6327,1979
6329,1980
6330,1982
6330,1982
6332,1983
6332,1983
6334,1985
6334,1985
6336,1987
6337,1988
6337,1988
6339,1990
6339,1990
6341,1991
6341,1991
6341,1991
6341,1991
6345,1994
6346,1995
6347,1996
6347,1996
6347,1996
6350,1997
6351,1998
6351,1998
6353,2000
6354,2001
6355,2002
6355,2002
6357,2003
6358,2006
6358,2006
6360,2007
6361,2010
6362,2011
6362,2011
6362,2011
6362,2011
6366,2012
6367,2013
6367,2013
6369,2014
6370,2015
6371,2016
6372,2017
6373,2018
6373,2018
6375,2019
6375,2019
6375,2019
6378,2020
6379,2021
6380,2023
6381,2026
6381,2026
6381,2026
6381,2026
6385,2027
6385,2027
6387,2029
6387,2029
6389,2030
6390,2032
6391,2034
6391,2034
6393,2035
6394,2038
6394,2038
6396,2040
6396,2040
6398,2043
6399,2044
6400,2045
6400,2045
6402,2047
6403,2048
6404,2052
6405,2054
6406,2056
6407,2057
6408,2058
6408,2058
6410,2060
6410,2060
6412,2064
6413,2065
6414,2067
6414,2067
6416,2068
6417,2071
6418,2072
6419,2075
6419,2075
6421,2076
6421,2076
6423,2077
6424,2078
6424,2078
6426,2079
6426,2079
6426,2079
6429,2081
6429,2081
6431,2082
6432,2085
6432,2085
6434,2086
6435,2087
6436,2088
6437,2091
6437,2091
6439,2092
6440,2093
6440,2093
6442,2096
6443,2098
6444,2100
6444,2100
6446,2103
6447,2104
6448,2105
6448,2105
6450,2106
6451,2108
6451,2108
6453,2110
6454,2113
6455,2115
6456,2116
6457,2118
6457,2118
6459,2122
6460,2123
6461,2125
6462,2126
6462,2126
6464,2127
6465,2130
6466,2132
6466,2132
6468,2133
6469,2135
6469,2135
6471,2140
6472,2142
6473,2143
6474,2145
6475,2151
6476,2154
6477,2155
6478,2157
6479,2160
6480,2162
6481,2163
6482,2164
6483,2167
6483,2167
6485,2170
6486,2171
6487,2172
6488,2173
6489,2176
6490,2177
6491,2179
6492,2180
6493,2181
6494,2182
6494,2182
6496,2183
6497,2189
6497,2189
6497,2189
6500,2190
6501,2192
6501,2192
6503,2193
6504,2195
6505,2196
6505,2196
6507,2198
6507,2198
6507,2198
6510,2199
6510,2199
6510,2199
6513,2200
6514,2201
6515,2202
6515,2202
6517,2205
6518,2208
6519,2209
6520,2212
6521,2215
6521,2215
6523,2216
6523,2216
6525,2221
6525,2221
6527,2222
6528,2224
6529,2225
6530,2228
6531,2230
6532,2232
6533,2234
6534,2237
6535,2238
6536,2239
6536,2239
6536,2239
6539,2243
6540,2245
6541,2248
6542,2249
6543,2250
6544,2252
6545,2254
6546,2255
6547,2257
6548,2259
6548,2259
6550,2261
6550,2261
6552,2263
6553,2265
6553,2265
6555,2268
6556,2271
6557,2272
6558,2273
6558,2273
6560,2275
6561,2276
6562,2277
6563,2279
6563,2279
6565,2294
6566,2296
6567,2298
6568,2299
6569,2302
6570,2306
6571,2312
6572,2315
6573,2316
6574,2318
6575,2319
6576,2326
6576,2326
6578,2327
6579,2328
6580,2332
6580,2332
6582,2335
6583,2336
6584,2337
6585,2338
6586,2339
6586,2339
6588,2340
6589,2344
6590,2351
6590,2351
6592,2353
6593,2354
6593,2354
6595,2357
6596,2360
6597,2363
6598,2364
6599,2366
6600,2372
6601,2373
6602,2374
6603,2375
6604,2376
6605,2380
6606,2381
6607,2384
6607,2384
6609,2389
6609,2389
6611,2392
6612,2395
6613,2396
6614,2398
6615,2399
6616,2402
6617,2404
6617,2404
6617,2404
6620,2407
6621,2410
6621,2410
6621,2410
6624,2423
6625,2428
6626,2431
6627,2439
6628,2442
6629,2450
6630,2451
6631,2453
6632,2455
6633,2456
6633,2456
6635,2461
6636,2467
6636,2467
6638,2469
6639,2472
6640,2473
6641,2485
6641,2485
6643,2491
6644,2502
6645,2508
6646,2509
6647,2513
6648,2516
6649,2518
6649,2518
6651,2528
6652,2529
6653,2533
6654,2540
6655,2542
6656,2555
6657,2567
6658,2570
6658,2570
6660,2595
6661,2602
6662,2611
6662,2611
6664,2612
6665,2614
6666,2620
6667,2624
6668,2626
6669,2627
6670,2630
6671,2634
6672,2642
6672,2642
6674,2644
6675,2646
6676,2649
6677,2650
6678,2657
6679,2661
6680,2663
6680,2663
6682,2682
6682,2682
6684,2687
6685,2692
6686,2696
6687,2698
6687,2698
6689,2699
6690,2705
6691,2708
6692,2717
6693,2723
6694,2732
6695,2742
6696,2745
6697,2754
6698,2763
6699,2774
6700,2776
6701,2780
6702,2788
6703,2795
6704,2801
6705,2805
6706,2810
6707,2819
6708,2830
6709,2846
6710,2848
6711,2852
6712,2854
6713,2856
6714,2857
6715,2862
6716,2879
6717,2881
6718,2886
6719,2900
6720,2912
6721,2914
6722,2915
6723,2936
6724,2956
6724,2956
6726,2958
6727,2969
6728,2971
6729,2972
